taxon	min_yr	max_yr
Usomyrma_mirabilis	33.9	38.
Rhytidoponera_gibsoni	20.44	23.03
Attopsis_longipes	11.608	12.7
Myrmeciites_goliath	47.8	56.
Solenopsis_privata	28.4	33.9
Ponera_leptocephala	5.333	11.608
Proceratium_dominicanum	13.82	20.44
Haidomyrmex_zigrasi	93.5	99.6
