,SpecimenName,min_yr,max_yr,SubFamily,Tribe,Genus
0,Acanthognathus_poinari,13.82,20.44,Myrmicinae,Attini,Acanthognathus
1,Acanthostichus_hispaniolicus,13.82,20.44,Dorylinae,,Acanthostichus
2,Afromyrma_petrosa,89.8,93.9,Myrmicinae,,Afromyrma
3,Afropone_oculata,89.8,93.9,Ponerinae,,Afropone
4,Afropone_orapa,89.8,93.9,Ponerinae,,Afropone
5,Agastomyrma_laticeps,33.9,38.,Myrmicinae,,Agastomyrma
6,Alloiomma_changweiensis,15.97,20.44,Dolichoderinae,,Alloiomma
7,Alloiomma_differentialis,15.97,20.44,Dolichoderinae,,Alloiomma
8,Amblyoponini,20.44,23.03,,,
9,Anochetus_ambiguus,13.82,20.44,Ponerinae,Ponerini,Anochetus
10,Anochetus_brevidentatus,13.82,20.44,Ponerinae,Ponerini,Anochetus
11,Anochetus_conisquamis,13.82,20.44,Ponerinae,Ponerini,Anochetus
12,Anochetus_corayi,13.82,20.44,Ponerinae,Ponerini,Anochetus
13,Anochetus_dubius,13.82,20.44,Ponerinae,Ponerini,Anochetus
14,Anochetus_exstinctus,13.82,20.44,Ponerinae,Ponerini,Anochetus
15,Anochetus_intermedius,13.82,20.44,Ponerinae,Ponerini,Anochetus
16,Anochetus_lucidus,13.82,20.44,Ponerinae,Ponerini,Anochetus
17,Aphaenogaster,_5.333 20.44 , 7.246 23.03 ,Myrmicinae,Stenammini,
18,Aphaenogaster_amphioceanica,13.82,20.44,Myrmicinae,Stenammini,Aphaenogaster
19,Aphaenogaster_archaica,23.03,28.4,Myrmicinae,Stenammini,Aphaenogaster
20,Aphaenogaster_dlusskyana,41.3,47.8,Myrmicinae,Stenammini,Aphaenogaster
21,Aphaenogaster_donisthorpei,33.9,37.2,Myrmicinae,Stenammini,Aphaenogaster
22,Aphaenogaster_mayri,33.9,37.2,Myrmicinae,Stenammini,Aphaenogaster
23,Aphaenogaster_praerelicta,15.97,23.03,Myrmicinae,Stenammini,Aphaenogaster
24,Apterostigma_electropilosum,13.82,20.44,Myrmicinae,Attini,Apterostigma
25,Apterostigma_eowilsoni,13.82,20.44,Myrmicinae,Attini,Apterostigma
26,Archimyrmex_piatnitzkyi,41.3,47.8,Myrmeciinae,,Archimyrmex
27,Archimyrmex_rostratus,46.2,50.3,Myrmeciinae,,Archimyrmex
28,Archimyrmex_wedmannae,40.4,48.6,Myrmeciinae,,Archimyrmex
29,Archiponera_wheeleri,33.9,37.2,Ponerinae,Ponerini,Archiponera
30,Attopsis_longipennis,11.608,12.7,Formicinae,,Attopsis
31,Attopsis_longipes,11.608,12.7,Formicinae,Oecophyllini,Oecophylla
32,Austroponera_schneideri,20.44,23.03,Ponerinae,Ponerini,Austroponera
33,Avitomyrmex_elongatus,47.8,56.,Myrmeciinae,,Avitomyrmex
34,Avitomyrmex_mastax,47.8,56.,Myrmeciinae,,Avitomyrmex
35,Avitomyrmex_systenus,47.8,56.,Myrmeciinae,,Avitomyrmex
36,Baikuris_mandibularis,93.5,105.3,,,Baikuris
37,Baikuris_maximus,99.6,105.3,,,Baikuris
38,Baikuris_mirabilis,93.5,105.3,,,Baikuris
39,Biamomyrma_lata,33.9,38.,Myrmicinae,,Biamomyrma
40,Biamomyrma_rugosa,33.9,38.,Myrmicinae,,Biamomyrma
41,Biamomyrma_zherikhini,33.9,38.,Myrmicinae,,Biamomyrma
42,Bilobomyrma_baltica,33.9,38.,Myrmicinae,,Bilobomyrma
43,Bilobomyrma_ukrainica,33.9,38.,Myrmicinae,,Bilobomyrma
44,Boltonidris_mirabilis,33.9,38.,Myrmicinae,,Boltonidris
45,Bradoponera_wunderlichi,33.9,38.,Proceratiinae,Proceratiini,Bradoponera
46,Britaneuretus_anglicus,33.9,38.,Aneuretinae,,Britaneuretus
47,Brownimecia_clavata,89.8,93.9,Brownimeciinae,,Brownimecia
48,Calyptites_antediluvianum,23.03,33.9,,,Calyptites
49,Camponotites_kraussei,47.8,56.,,,
50,Camponotites_silvestris,2.588,3.6,Formicinae,,Camponotites
51,Camponotites_steinbachi,2.588,3.6,Formicinae,,Camponotites
52,Camponotites_xiejiaheensis,15.97,20.44,Formicinae,,Camponotites
53,Camponotus,11.608,12.7,Formicinae,Camponotini,
54,Camponotus_ambon,15.97,20.44,Formicinae,Camponotini,Camponotus
55,Camponotus_ampullosus,15.97,20.44,Formicinae,Camponotini,Camponotus
56,Camponotus_cockerelli,33.9,38.,Formicinae,,Camponotus
57,Camponotus_compactus,28.4,33.9,Formicinae,Camponotini,Camponotus
58,Camponotus_crozei,5.333,8.7,Formicinae,Camponotini,Camponotus
59,Camponotus_curviansatus,15.97,20.44,Formicinae,Camponotini,Camponotus
60,Camponotus_fuscipennis,33.9,37.2,Formicinae,Camponotini,Camponotus
61,Camponotus_gracilis,15.97,20.44,Formicinae,Camponotini,Camponotus
62,Camponotus_heracleus,11.608,12.7,Formicinae,Camponotini,Camponotus
63,Camponotus_induratus,11.608,12.7,Formicinae,Camponotini,Camponotus
64,Camponotus_lignitus,11.608,12.7,Formicinae,Camponotini,Camponotus
65,Camponotus_longus,15.97,20.44,Formicinae,Camponotini,Camponotus
66,Camponotus_microcephalus,33.9,37.2,Formicinae,Camponotini,Camponotus
67,Camponotus_microthoracus,15.97,20.44,Formicinae,Camponotini,Camponotus
68,Camponotus_novotnyi,28.1,33.9,Formicinae,Camponotini,Camponotus
69,Camponotus_obesus,7.246,11.62,Formicinae,Camponotini,Camponotus
70,Camponotus_palaeopterus,15.97,20.44,Formicinae,Camponotini,Camponotus
71,Camponotus_petrifactus,33.9,37.2,Formicinae,Camponotini,Camponotus
72,Camponotus_pictus,15.97,20.44,Formicinae,Camponotini,Camponotus
73,Camponotus_pinguiculus,11.608,12.7,Formicinae,Camponotini,Camponotus
74,Camponotus_plenus,15.97,20.44,Formicinae,Camponotini,Camponotus
75,Camponotus_shanwangensis,15.97,20.44,Formicinae,Camponotini,Camponotus
76,Camponotus_ullrichi,5.333,7.246,Formicinae,Camponotini,Camponotus
77,Camponotus_vehemens,28.4,33.9,Formicinae,Camponotini,Camponotus
78,Camponotus_vetus,46.2,50.3,Formicinae,Camponotini,Camponotus
79,Cananeuretus_occidentalis,70.6,83.5,Aneuretinae,,Cananeuretus
80,Canapone_dentata,70.6,83.5,Ectatomminae,,Canapone
81,Carebara_antiqua,2.588,3.6,Myrmicinae,Crematogastrini,Carebara
82,Carebara_bohemica,15.97,16.9,Myrmicinae,Crematogastrini,Carebara
83,Carebara_rugiceps,11.608,12.7,Myrmicinae,Crematogastrini,Carebara
84,Carebara_schossnicensis,5.333,11.608,Myrmicinae,Crematogastrini,Carebara
85,Carebara_sophiae,5.333,11.608,Myrmicinae,Crematogastrini,Carebara
86,Carebara_thorali,23.03,28.1,Myrmicinae,Crematogastrini,Carebara
87,Casaleia_eocenica,40.4,48.6,Amblyoponinae,,Casaleia
88,Casaleia_longiventris,11.608,12.7,Amblyoponinae,,Casaleia
89,Casaleia_orientalis,33.9,38.,Amblyoponinae,,Casaleia
90,Cataulacus_planiceps,5.333,11.608,Myrmicinae,Crematogastrini,Cataulacus
91,Cataulacus_plebeius,15.97,20.44,Myrmicinae,Crematogastrini,Cataulacus
92,Cataulacus_silvestrii,5.333,11.608,Myrmicinae,Crematogastrini,Cataulacus
93,Cephalomyrmex_rotundatus,33.9,37.2,Myrmicinae,,Cephalomyrmex
94,Cephalopone_grandis,40.4,48.6,Ponerinae,,Cephalopone
95,Cephalopone_potens,40.4,48.6,Ponerinae,,Cephalopone
96,Cephalotes_alveolatus,13.82,20.44,Myrmicinae,Attini,Cephalotes
97,Cephalotes_integerrimus,13.82,20.44,Myrmicinae,Attini,Cephalotes
98,Cephalotes_jansei,13.82,20.44,Myrmicinae,Attini,Cephalotes
99,Cephalotes_obscurus,13.82,20.44,Myrmicinae,Attini,Cephalotes
100,Cephalotes_serratus,13.82,20.44,Myrmicinae,Attini,Cephalotes
101,Cephalotes_squamosus,13.82,20.44,Myrmicinae,Attini,Cephalotes
102,Cephites_fragilis,11.608,12.7,,,
103,Cephites_oeningensis,11.608,12.7,,,
104,Ceratomyrmex_ellenbergeri,93.5,99.6,Sphecomyrminae,Haidomyrmecini,Ceratomyrmex
105,Cretomyrma_arnoldii,83.5,85.8,Sphecomyrminae,Sphecomyrmini,Cretomyrma
106,Cretomyrma_unicornis,83.5,85.8,Sphecomyrminae,Sphecomyrmini,Cretomyrma
107,Cyphomyrmex_maya,15.97,23.03,Myrmicinae,Attini,Cyphomyrmex
108,Cyphomyrmex_taino,13.82,20.44,Myrmicinae,Attini,Cyphomyrmex
109,Cyrtopone_curiosa,40.4,48.6,Ponerinae,,Cyrtopone
110,Cyrtopone_elongata,40.4,48.6,Ponerinae,,Cyrtopone
111,Cyrtopone_microcephala,40.4,48.6,Ponerinae,,Cyrtopone
112,Cyrtopone_striata,40.4,48.6,Ponerinae,,Cyrtopone
113,Discothyrea_gigas,13.82,20.44,Proceratiinae,Proceratiini,Discothyrea
114,Discothyrea_maya,15.97,23.03,Proceratiinae,Proceratiini,Discothyrea
115,Dlusskyidris_zherichini,83.5,85.8,,,Dlusskyidris
116,Dolichoderinae,5.333,7.246,,,
117,Dolichoderus_antiquus,33.9,37.2,Dolichoderinae,,Dolichoderus
118,Dolichoderus_dlusskyi,41.3,47.8,Dolichoderinae,,Dolichoderus
119,Dolichoderus_evolans,15.97,20.44,Dolichoderinae,,Dolichoderus
120,Dolichoderus_explicans,28.4,33.9,Dolichoderinae,,Dolichoderus
121,Dolichoderus_jiaoyanshanensis,15.97,20.44,Dolichoderinae,,Dolichoderus
122,Dolichoderus_kohlsi,46.2,50.3,Dolichoderinae,,Dolichoderus
123,Dolichoderus_kutschlinicus,33.9,37.2,Dolichoderinae,,Dolichoderus
124,Dolichoderus_lacinius,15.97,20.44,Dolichoderinae,,Dolichoderus
125,Dolichoderus_luridivenosus,15.97,20.44,Dolichoderinae,,Dolichoderus
126,Dolichoderus_obliteratus,23.03,33.9,Dolichoderinae,,Dolichoderus
127,Dolichoderus_pinguis,33.9,38.,Dolichoderinae,,Dolichoderus
128,Dolichoderus_rohweri,33.9,37.2,Dolichoderinae,,Dolichoderus
129,Dolichoderus_transversipetiolaris,15.97,20.44,Dolichoderinae,,Dolichoderus
130,Dolichoderus_vectensis,33.9,38.,Dolichoderinae,,Dolichoderus
131,Ectatomma_gracile,5.333,11.608,Ectatomminae,Ectatommini,Ectatomma
132,Elaeomyrmex_coloradensis,33.9,37.2,Dolichoderinae,,Elaeomyrmex
133,Elaeomyrmex_gracilis,33.9,37.2,Dolichoderinae,,Elaeomyrmex
134,Elaphrodites_mutatus,15.97,20.44,Dolichoderinae,,Elaphrodites
135,Elaphrodites_scutulatus,15.97,20.44,Dolichoderinae,,Elaphrodites
136,Emplastus_antiquus,11.608,12.7,Dolichoderinae,,Emplastus
137,Emplastus_biamoensis,33.9,38.,Dolichoderinae,,Emplastus
138,Emplastus_britannicus,33.9,38.,Dolichoderinae,,Emplastus
139,Emplastus_elongatus,33.9,38.,Dolichoderinae,,Emplastus
140,Emplastus_gurnetensis,33.9,38.,Dolichoderinae,,Emplastus
141,Emplastus_hypolithus,33.9,38.,Dolichoderinae,,Emplastus
142,Emplastus_kozlovi,33.9,38.,Dolichoderinae,,Emplastus
143,Emplastus_macrops,33.9,38.,Dolichoderinae,,Emplastus
144,Emplastus_ocellus,11.608,12.7,Dolichoderinae,,Emplastus
145,Eocenomyrma_breviscapa,33.9,38.,Myrmicinae,Crematogastrini,Eocenomyrma
146,Eocenomyrma_elegantula,33.9,38.,Myrmicinae,Crematogastrini,Eocenomyrma
147,Eocenomyrma_orthospina,33.9,38.,Myrmicinae,Crematogastrini,Eocenomyrma
148,Eocenomyrma_rugosostriata,33.9,38.,Myrmicinae,Crematogastrini,Eocenomyrma
149,Eocenomyrma_ukrainica,33.9,38.,Myrmicinae,Crematogastrini,Eocenomyrma
150,Eoformica_globularis,46.2,50.3,,,Eoformica
151,Eoformica_magna,46.2,50.3,,,Eoformica
152,Eoformica_pinguis,46.2,50.3,,,Eoformica
153,Eotapinoma_macalpini,70.6,83.5,Dolichoderinae,,Eotapinoma
154,Eulithomyrmex_rugosus,33.9,37.2,Agroecomyrmecinae,,Eulithomyrmex
155,Eulithomyrmex_striatus,33.9,37.2,Agroecomyrmecinae,,Eulithomyrmex
156,Eurymyrmex_geologicus,15.97,20.44,Dolichoderinae,,Eurymyrmex
157,Fallomyrma_transversa,33.9,38.,Myrmicinae,,Fallomyrma
158,Fonsecahymen_stigmata,33.9,38.,,,Fonsecahymen
159,Formica,11.608,12.7,Formicinae,Formicini,
160,Formica_annosa,41.3,47.8,Formicinae,Formicini,Formica
161,Formica_arcana,23.03,33.9,Formicinae,Formicini,Formica
162,Formica_auxillacensis,5.333,7.246 8.7  ,Formicinae,Formicini,Formica
163,Formica_bauckhorni,23.03,28.4,Formicinae,Formicini,Formica
164,Formica_biamoensis,33.9,38.,Formicinae,Formicini,Formica
165,Formica_buphthalma,15.97,16.9,Formicinae,Formicini,Formica
166,Formica_cantalica,7.246,11.62,Formicinae,Formicini,Formica
167,Formica_ceps,15.97,20.44,Formicinae,Formicini,Formica
168,Formica_cockerelli,33.9,37.2,Formicinae,Formicini,Formica
169,Formica_demersa,11.608,12.7,Formicinae,Formicini,Formica
170,Formica_eoptera,33.9,37.2,Formicinae,Formicini,Formica
171,Formica_flavifemoralis,15.97,20.44,Formicinae,Formicini,Formica
172,Formica_flori,33.9,38.,Formicinae,Formicini,Formica
173,Formica_globiventris,11.608,12.7,Formicinae,Formicini,Formica
174,Formica_grandis,33.9,37.2,Formicinae,Formicini,Formica
175,Formica_gravida,11.608,12.7,Formicinae,Formicini,Formica
176,Formica_heteroptera,41.3,47.8,Formicinae,Formicini,Formica
177,Formica_immersa,11.608,12.7,Formicinae,Formicini,Formica
178,Formica_lavateri,11.608,12.7,Formicinae,Formicini,Formica
179,Formica_linquensis,15.97,20.44,Formicinae,Formicini,Formica
180,Formica_longicollis,11.608,12.7,Formicinae,Formicini,Formica
181,Formica_macrocephala,11.608,12.7,Formicinae,Formicini,Formica
182,Formica_macrophthalma,11.608,12.7,Formicinae,Formicini,Formica
183,Formica_maculipennis,5.333,7.246 8.7  ,Formicinae,Formicini,Formica
184,Formica_martynovi,11.608,12.7,Formicinae,Formicini,Formica
185,Formica_obscura,11.608,12.7,Formicinae,Formicini,Formica
186,Formica_orbata,11.608,12.7,Formicinae,Formicini,Formica
187,Formica_ovala,15.97,20.44,Formicinae,Formicini,Formica
188,Formica_paleosibirica,33.9,38.,Formicinae,Formicini,Formica
189,Formica_parexsecta,11.608,12.7,Formicinae,Formicini,Formica
190,Formica_phaethusa,33.9,38.,Formicinae,Formicini,Formica
191,Formica_pitoni,2.588,3.6,Formicinae,Formicini,Formica
192,Formica_primitiva,11.608,12.7,Formicinae,Formicini,Formica
193,Formica_primordialis,11.608,12.7,Formicinae,Formicini,Formica
194,Formica_procera,11.608,12.7,Formicinae,Formicini,Formica
195,Formica_pulchella,11.608,12.7,Formicinae,Formicini,Formica
196,Formica_robusta,33.9,37.2,,,
197,Formica_seuberti,11.608,12.7,Formicinae,Formicini,Formica
198,Formica_ungeri,11.608,12.7,Formicinae,Formicini,Formica
199,Formicidae,47.8_  11.608 28.4   33.9  ,56.  12.7 33.9 38. ,,,
200,Formicinae,11.608_23.03 ,12.7 28.4,,,
201,Formicium_berryi,38.,41.3,Formiciinae,,Formicium
202,Formicium_brodiei,33.9,38.,Formiciinae,,Formicium
203,Formicium_mirabile,41.3,47.8,Formiciinae,,Formicium
204,Gerontoformica_contegus,93.5,99.6,Sphecomyrminae,Sphecomyrmini,Gerontoformica
205,Gerontoformica_gracilis,93.5,99.6,Sphecomyrminae,Sphecomyrmini,Gerontoformica
206,Gerontoformica_magnus,93.5,99.6,Sphecomyrminae,Sphecomyrmini,Gerontoformica
207,Gerontoformica_orientalis,93.5,99.6,Sphecomyrminae,Sphecomyrmini,Gerontoformica
208,Gerontoformica_pilosus,93.5,99.6,Sphecomyrminae,Sphecomyrmini,Gerontoformica
209,Gerontoformica_robustus,93.5,99.6,,,
210,Gerontoformica_rugosus,93.5,99.6,Sphecomyrminae,Sphecomyrmini,Gerontoformica
211,Gerontoformica_spiralis,93.5,99.6,Sphecomyrminae,Sphecomyrmini,Gerontoformica
212,Gerontoformica_subcuspis,93.5,99.6,Sphecomyrminae,Sphecomyrmini,Gerontoformica
213,Gerontoformica_tendir,93.5,99.6,Sphecomyrminae,Sphecomyrmini,Gerontoformica
214,Gesomyrmex_bremii,11.608,12.7,Formicinae,Gesomyrmecini,Gesomyrmex
215,Gesomyrmex_breviceps,40.4,48.6,Formicinae,Gesomyrmecini,Gesomyrmex
216,Gesomyrmex_flavescens,40.4,48.6,Formicinae,Gesomyrmecini,Gesomyrmex
217,Gesomyrmex_germanicus,40.4,48.6,Formicinae,Gesomyrmecini,Gesomyrmex
218,Gesomyrmex_hoernesi,33.9,38.,Formicinae,Gesomyrmecini,Gesomyrmex
219,Gesomyrmex_macrops,33.9,38.,Formicinae,Gesomyrmecini,Gesomyrmex
220,Gesomyrmex_magnus,33.9,38.,Formicinae,Gesomyrmecini,Gesomyrmex
221,Gesomyrmex_pulcher,40.4,48.6,Formicinae,Gesomyrmecini,Gesomyrmex
222,Gnamptogenys_levinates,13.82,20.44,Ectatomminae,Ectatommini,Gnamptogenys
223,Gnamptogenys_pristina,13.82,20.44,Ectatomminae,Ectatommini,Gnamptogenys
224,Haidomyrmex_cerberus,93.5,99.6,Sphecomyrminae,Haidomyrmecini,Haidomyrmex
225,Haidomyrmex_scimitarus,93.5,99.6,Sphecomyrminae,Haidomyrmecini,Haidomyrmex
226,Haidomyrmex_zigrasi,93.5,99.6,Sphecomyrminae,Haidomyrmecini,Haidomyrmex
227,Heeridris_croaticus,11.608,12.7,,,
228,Hypopomyrmex_bombiccii,5.333,11.608,Myrmicinae,Crematogastrini,Hypopomyrmex
229,Imhoffia_nigra,11.608,12.7,Formicinae,,Imhoffia
230,Iridomyrmex,33.9,37.2,Dolichoderinae,Leptomyrmecini,
231,Iridomyrmex_shandongicus,15.97,20.44,Dolichoderinae,,Iridomyrmex
232,Klondikia_whiteae,47.8,56.,,,Klondikia
233,Kohlsimyrma_gracilis,46.2,50.3,,,Kohlsimyrma
234,Kohlsimyrma_laticeps,46.2,50.3,,,Kohlsimyrma
235,Kohlsimyrma_longiceps,46.2,50.3,,,Kohlsimyrma
236,Ktunaxia_jucunda,41.3,47.8,Dolichoderinae,,Ktunaxia
237,Kyromyrma_neffi,89.8,93.9,Formicinae,,Kyromyrma
238,Lasius,20.44,23.03,Formicinae,Lasiini,
239,Lasius_anthracinus,11.608,12.7,Formicinae,Lasiini,Lasius
240,Lasius_chambonensis,2.588,3.6,Formicinae,Lasiini,Lasius
241,Lasius_crispus,7.246 5.333,11.62  8.7 ,Formicinae,Lasiini,Lasius
242,Lasius_globularis,11.608,12.7,Formicinae,Lasiini,Lasius
243,Lasius_inflatus,15.97,20.44,Formicinae,Lasiini,Lasius
244,Lasius_longaevus,11.608,12.7,Formicinae,Lasiini,Lasius
245,Lasius_longipennis,11.608,12.7,Formicinae,Lasiini,Lasius
246,Lasius_mordicus,15.97,20.44,Formicinae,Lasiini,Lasius
247,Lasius_oblongus,5.333,11.608,Formicinae,Lasiini,Lasius
248,Lasius_occultatus,11.608,12.7,Formicinae,Lasiini,Lasius
249,Lasius_ophthalmicus,11.608,12.7,Formicinae,Lasiini,Lasius
250,Lasius_peritulus,33.9,37.2,Formicinae,Lasiini,Lasius
251,Lasius_tertiarius,11.608,12.7,Formicinae,Lasiini,Lasius
252,Lasius_truncatus,15.97,20.44,Formicinae,Lasiini,Lasius
253,Lasius_validus,15.97,20.44,Formicinae,Lasiini,Lasius
254,Lasius_vetulus,15.97,20.44,Formicinae,Lasiini,Lasius
255,Leptogenys_chinensis,15.97,20.44,Ponerinae,Ponerini,Leptogenys
256,Leptogenys_lacerata,15.97,20.44,Ponerinae,Ponerini,Leptogenys
257,Leptomyrmex_neotropicus,13.82,20.44,Dolichoderinae,,Leptomyrmex
258,Leptomyrmula_maravignae,5.333,11.608,Dolichoderinae,Leptomyrmecini,Leptomyrmula
259,Leucotaphus_donisthorpei,33.9,38.,Formicinae,,Leucotaphus
260,Leucotaphus_gurnetensis,33.9,38.,Formicinae,,Leucotaphus
261,Liometopum,11.608,12.7,Dolichoderinae,Tapinomini,
262,Liometopum_bogdassarovi,33.9,38.,Dolichoderinae,,Liometopum
263,Liometopum_eremicum,15.97,20.44,Dolichoderinae,,Liometopum
264,Liometopum_imhoffii,11.608,12.7,Dolichoderinae,,Liometopum
265,Liometopum_incognitum,33.9,38.,Dolichoderinae,Tapinomini,Liometopum
266,Liometopum_lubricum,15.97,20.44,Dolichoderinae,,Liometopum
267,Liometopum_miocenicum,33.9,37.2,Dolichoderinae,,Liometopum
268,Liometopum_potamophilum,15.97,20.44,Dolichoderinae,,Liometopum
269,Liometopum_scudderi,33.9,37.2,Dolichoderinae,,Liometopum
270,Lioponera_suscitata,0.,0.0117,Dorylinae,,Lioponera
271,Lonchomyrmex_freyeri,11.608,12.7,Myrmicinae,Crematogastrini,Lonchomyrmex
272,Lonchomyrmex_nigritus,5.333,11.608,Myrmicinae,Crematogastrini,Lonchomyrmex
273,Macabeemyrma_ovata,47.8,56.,Myrmeciinae,,Macabeemyrma
274,Melissotarsus_ethiopiensis,15.97,23.03,Myrmicinae,Crematogastrini,Melissotarsus
275,Messelepone_leptogenoides,40.4,48.6,Ponerinae,,Messelepone
276,Messor,5.333,7.246,Myrmicinae,Stenammini,
277,Messor_sculpturatus,33.9,37.2,Myrmicinae,Stenammini,Messor
278,Mianeuretus_eocenicus,46.2,50.3,Aneuretinae,,Mianeuretus
279,Mianeuretus_mirabilis,33.9,37.2,Aneuretinae,,Mianeuretus
280,Miomyrmex_impactus,33.9,37.2,Dolichoderinae,,Miomyrmex
281,Miomyrmex_striatus,33.9,37.2,Dolichoderinae,,Miomyrmex
282,Miosolenopsis_fossilis,15.97,20.44,Myrmicinae,,Miosolenopsis
283,Myanmyrma_gracilis,93.5,99.6,,,Myanmyrma
284,Myopopone_sinensis,15.97,20.44,Amblyoponinae,,Myopopone
285,Myrmeciites,47.8,56.,Myrmeciinae,,
286,Myrmeciites_goliath,47.8,56.,Myrmeciinae,Collective group name (page does not exist),Myrmeciites
287,Myrmeciites_herculeanus,47.8,56.,Myrmeciinae,Collective group name (page does not exist),Myrmeciites
288,Myrmeciites_tabanifluviensis,47.8,56.,Myrmeciinae,Collective group name (page does not exist),Myrmeciites
289,Myrmecites_dubius,33.9,38.,Myrmicinae,,Myrmecites
290,Myrmecites_latus,11.608,12.7,Myrmicinae,,Myrmecites
291,Myrmecites_major,33.9,38.,Myrmicinae,,Myrmecites
292,Myrmecites_pusillus,11.608,12.7,Myrmicinae,,Myrmecites
293,Myrmecites_rotundiceps,46.2,50.3,Myrmicinae,,Myrmecites
294,Myrmecites_sibiricus,33.9,38.,Myrmicinae,,Myrmecites
295,Myrmecorhynchus_novaeseelandiae,20.44,23.03,Formicinae,Melophorini,Myrmecorhynchus
297,Myrmica_eocenica,33.9,38.,Myrmicinae,Myrmicini,Myrmica
298,Myrmica_paradoxa,33.9,38.,Myrmicinae,Myrmicini,Myrmica
299,Myrmicinae,_5.333 23.03  20.44 , 7.246 33.9   23.03 ,,,
300,Myrmicites,28.4,33.9,,,
301,Nesomyrmex_caritatis,13.82,20.44,Myrmicinae,Crematogastrini,Nesomyrmex
302,Nesomyrmex_dominicanus,13.82,20.44,Myrmicinae,Crematogastrini,Nesomyrmex
303,Odontomachus_paleomyagra,16.9,20.,Ponerinae,Ponerini,Odontomachus
304,Odontomachus_pseudobauri,13.82,20.44,Ponerinae,Ponerini,Odontomachus
305,Odontomachus_spinifer,13.82,20.44,Ponerinae,Ponerini,Odontomachus
306,Oecophylla_atavina,33.9,38.,Formicinae,Oecophyllini,Oecophylla
307,Oecophylla_bartoniana,41.3,47.8,Formicinae,Oecophyllini,Oecophylla
308,Oecophylla_eckfeldiana,40.4,48.6,Formicinae,Oecophyllini,Oecophylla
309,Oecophylla_grandimandibula,5.333,8.7,Formicinae,Oecophyllini,Oecophylla
310,Oecophylla_longiceps,40.4,48.6,Formicinae,Oecophyllini,Oecophylla
311,Oecophylla_megarche,33.9,38.,Formicinae,Oecophyllini,Oecophylla
312,Oecophylla_obesa,11.608 28.4   33.9  ,12.7 33.9 37.2,Formicinae,Oecophyllini,Oecophylla
313,Oecophylla_praeclara,28.4,33.9,Formicinae,Oecophyllini,Oecophylla
314,Oecophylla_sicula,5.333,11.608,Formicinae,Oecophyllini,Oecophylla
315,Pachycondyla_aberrans,33.9,38.,Ponerinae,,Pachycondyla
316,Pachycondyla_eocenica,40.4,48.6,Ponerinae,,Pachycondyla
317,Pachycondyla_lutzi,40.4,48.6,Ponerinae,,Pachycondyla
318,Pachycondyla_messeliana,40.4,48.6,Ponerinae,,Pachycondyla
319,Pachycondyla_minutansata,15.97,20.44,Ponerinae,Ponerini,Pachycondyla
320,Pachycondyla_nubeculata,15.97,20.44,Ponerinae,Ponerini,Pachycondyla
321,Pachycondyla_oligocenica,33.9,38.,Ponerinae,,Pachycondyla
322,Pachycondyla_parvula,40.4,48.6,Ponerinae,,Pachycondyla
323,Pachycondyla_petiolosa,40.4,48.6,Ponerinae,,Pachycondyla
324,Pachycondyla_petrosa,40.4,48.6,Ponerinae,,Pachycondyla
325,Paraneuretus_dubovikoffi,33.9,38.,Aneuretinae,,Paraneuretus
326,Paraphaenogaster_avita,13.82,15.97,,,
327,Paraphaenogaster_dumetorum,15.97,20.44,,,
328,Paraphaenogaster_hooleyana,33.9,38.,Myrmicinae,Stenammini,Paraphaenogaster
329,Paraphaenogaster_jurinei,11.608,12.7,Myrmicinae,Stenammini,Paraphaenogaster
330,Paraphaenogaster_lapidescens,15.97,20.44,,,
331,Paraphaenogaster_paludosa,15.97,20.44,,,
332,Paraphaenogaster_pannonica,5.333,7.246,,,
333,Paraphaenogaster_shanwangensis,15.97,20.44,,,
334,Paraphaenogaster_tertiaria,11.608,12.7,Myrmicinae,Stenammini,Paraphaenogaster
335,Paraponera_dieteri,13.82,20.44,Paraponerinae,,Paraponera
336,Parasyscia_conservata,0.,0.0117,Dorylinae,,Parasyscia
337,Petraeomyrmex_minimus,33.9,37.2,Dolichoderinae,,Petraeomyrmex
338,Pheidole_primigenia,13.82,20.44,Myrmicinae,Attini,Pheidole
339,Pheidole_rasnitsyni,0.,0.0117,Myrmicinae,Attini,Pheidole
340,Pheidole_tertiaria,33.9,37.2,Myrmicinae,Attini,Pheidole
341,Plagiolepis_labilis,5.333,11.608,Formicinae,Plagiolepidini,Plagiolepis
342,Platythyrea_dlusskyi,48.6,55.8,Ponerinae,Platythyreini,Platythyrea
343,Platythyrea_pumilio,13.82,20.44,Ponerinae,Platythyreini,Platythyrea
344,Plesiomyrmex_tubulatus,33.9,38.,Myrmicinae,Myrmicini,Plesiomyrmex
345,Podomyrma_mayri,5.333,11.608,Myrmicinae,Crematogastrini,Podomyrma
346,Pogonomyrmex_fossilis,33.9,37.2,Myrmicinae,Pogonomyrmecini,Pogonomyrmex
347,Polyrhachis_annosus,5.333,7.246,,,
348,Polyrhachis_cincta,0.,0.0117,Formicinae,Camponotini,Polyrhachis
349,Polyrhachis_circumdata,0.,0.0117,Formicinae,Camponotini,Polyrhachis
350,Polyrhachis_continua,0.,0.0117,Formicinae,Camponotini,Polyrhachis
351,Polyrhachis_decipiens,0.,0.0117,Formicinae,Camponotini,Polyrhachis
352,Polyrhachis_excitata,0.,0.0117,Formicinae,Camponotini,Polyrhachis
353,Polyrhachis_subfossa,0.,0.0117,Formicinae,Camponotini,Polyrhachis
354,Ponera_elegantissima,23.03,28.4,Ponerinae,Ponerini,Ponera
355,Ponera_leptocephala,5.333,11.608,Ponerinae,Ponerini,Ponera
356,Ponerinae,47.8_  11.608,56.  12.7,,,
357,Ponerites_atavinus,11.608,12.7,Ponerinae,Ponerini,Ponerites
358,Ponerites_coloradensis,46.2,50.3,Ponerinae,Ponerini,Ponerites
359,Ponerites_crawleyi,33.9,38.,Ponerinae,Ponerini,Ponerites
360,Ponerites_elongatus,11.608,12.7,Ponerinae,Ponerini,Ponerites
361,Ponerites_eocenicus,46.2,50.3,Ponerinae,Ponerini,Ponerites
362,Ponerites_gracilior,11.608,12.7,Ponerinae,Ponerini,Ponerites
363,Ponerites_hooleyi,33.9,38.,Ponerinae,Ponerini,Ponerites
364,Ponerites_hypoponeroides,40.4,46.2,Ponerinae,Ponerini,Ponerites
365,Ponerites_nitidus,11.608,12.7,Ponerinae,Ponerini,Ponerites
366,Ponerites_oblongiceps,11.608,12.7,Ponerinae,Ponerini,Ponerites
367,Ponerites_tenuis,11.608,12.7,Ponerinae,Ponerini,Ponerites
368,Ponerites_umbrus,11.608,15.97,Ponerinae,Ponerini,Ponerites
369,Poneropsis_crassinervis,12.7,13.65,,,
370,Poneropsis_escheri,11.608,12.7,,,
371,Poneropsis_fuliginosa,11.608,12.7,,,
372,Poneropsis_globosa,11.608,12.7,,,
373,Poneropsis_longaeva,11.608,12.7,,,
374,Poneropsis_rhenana,23.03,28.4,,,
375,Poneropsis_stygia,11.608,12.7,,,
376,Poneropsis_ventrosa,11.608,12.7,,,
377,Prionomyrmex_janzeni,33.9,38.,Myrmeciinae,Prionomyrmecini,Prionomyrmex
378,Prionomyrmex_wappleri,23.03,28.4,Myrmeciinae,Prionomyrmecini,Prionomyrmex
379,Pristomyrmex_rasnitsyni,33.9,38.,Myrmicinae,Crematogastrini,Pristomyrmex
380,Proceratium_denticulatum,13.82,20.44,Proceratiinae,Proceratiini,Proceratium
381,Proceratium_dominicanum,13.82,20.44,Proceratiinae,Proceratiini,Proceratium
382,Proceratium_gibberum,13.82,20.44,Proceratiinae,Proceratiini,Proceratium
383,Proceratium_petrosum,33.9,38.,Proceratiinae,Proceratiini,Proceratium
384,Proceratium_poinari,13.82,20.44,Proceratiinae,Proceratiini,Proceratium
385,Proiridomyrmex_rotundatus,41.3,47.8,Dolichoderinae,,Proiridomyrmex
386,Proiridomyrmex_vetulus,46.2,50.3,Dolichoderinae,,Proiridomyrmex
387,Propalosoma_gutierrezae,47.8,56.,,,
388,Protazteca_capitata,33.9,37.2,Dolichoderinae,,Protazteca
389,Protazteca_elongata,33.9,37.2,Dolichoderinae,,Protazteca
390,Protazteca_eocenica,41.3,47.8,Dolichoderinae,,Protazteca
391,Protazteca_hendersoni,33.9,37.2,Dolichoderinae,,Protazteca
392,Protazteca_quadrata,33.9,37.2,Dolichoderinae,,Protazteca
393,Protomyrmica_atavia,33.9,38.,Myrmicinae,Myrmicini,Protomyrmica
394,Protopone_germanica,40.4,48.6,Ponerinae,,Protopone
395,Protopone_magna,40.4,48.6,Ponerinae,,Protopone
396,Protopone_oculata,40.4,48.6,Ponerinae,,Protopone
397,Protopone_sepulta,40.4,48.6,Ponerinae,,Protopone
398,Protopone_vetula,40.4,48.6,Ponerinae,,Protopone
399,Pseudectatomma_eocenica,40.4,48.6,Ectatomminae,,Pseudectatomma
400,Pseudectatomma_striatula,40.4,48.6,Ectatomminae,,Pseudectatomma
401,Pseudocamponotus_elkoanus,28.4,37.2,Formicinae,Camponotini,Pseudocamponotus
402,Pseudomyrmex_extinctus,33.9,37.2,Pseudomyrmecinae,,Pseudomyrmex
403,Pseudomyrmex_saxulum,41.3,47.8,Pseudomyrmecinae,,Pseudomyrmex
404,Rhytidoponera_gibsoni,20.44,23.03,Ectatomminae,Ectatommini,Rhytidoponera
405,Rhytidoponera_waipiata,20.44,23.03,Ectatomminae,Ectatommini,Rhytidoponera
406,Sicilomyrmex_corniger,5.333,11.608,Formicinae,Gesomyrmecini,Sicilomyrmex
407,Solenopsidini,20.44,23.03,,,
408,Solenopsis_blanda,28.4,33.9,Myrmicinae,Solenopsidini,Solenopsis
409,Solenopsis_maxima,28.4,33.9,Myrmicinae,Solenopsidini,Solenopsis
410,Solenopsis_moesta,28.4,33.9,Myrmicinae,Solenopsidini,Solenopsis
411,Solenopsis_privata,28.4,33.9,Myrmicinae,Solenopsidini,Solenopsis
412,Solenopsis_superba,28.4,33.9,Myrmicinae,Solenopsidini,Solenopsis
413,Solenopsis_valida,28.4,33.9,Myrmicinae,Solenopsidini,Solenopsis
414,Solenopsites_abdita,41.3,47.8,Myrmicinae,,Solenopsites
415,Solenopsites_minutus,46.2,50.3,Myrmicinae,,Solenopsites
416,Sphecomyrma,89.8,93.9,Sphecomyrminae,Sphecomyrmini,
417,Sphecomyrma_freyi,89.8,93.9,Sphecomyrminae,Sphecomyrmini,Sphecomyrma
418,Sphecomyrma_mesaki,89.8,93.9,Sphecomyrminae,Sphecomyrmini,Sphecomyrma
419,Stigmatomma_electrina,33.9,38.,,,
420,Stigmatomma_groehni,33.9,38.,Amblyoponinae,,Stigmatomma
421,Strumigenys_electrina,13.82,20.44,Myrmicinae,Attini,Strumigenys
422,Strumigenys_schleeorum,13.82,20.44,Myrmicinae,Attini,Strumigenys
423,Taphopone_aberrans,33.9,38.,Ponerinae,,Taphopone
424,Taphopone_microptera,33.9,38.,Ponerinae,,Taphopone
425,Taphopone_petrosa,33.9,38.,Ponerinae,,Taphopone
426,Tapinoma,23.03,28.4,Dolichoderinae,Tapinomini,
427,Tapinoma_baculum,15.97,20.44,Dolichoderinae,,Tapinoma
428,Tapinoma_minutissimum,5.333,11.608,Dolichoderinae,,Tapinoma
429,Technomyrmex_deletus,5.333,11.608,Dolichoderinae,,Technomyrmex
430,Technomyrmex_septentrionalis,15.97,20.44,Dolichoderinae,,Technomyrmex
431,Temnothorax_praecreolus,13.82,20.44,Myrmicinae,Crematogastrini,Temnothorax
432,Tetramorium_kulickae,33.9,38.,Myrmicinae,Crematogastrini,Tetramorium
433,Tetramorium_paraarmatum,33.9,38.,Myrmicinae,Crematogastrini,Tetramorium
434,Titanomyrma_gigantea,40.4,48.6,Formiciinae,,Titanomyrma
435,Titanomyrma_lubei,46.2,50.3,Formiciinae,,Titanomyrma
436,Titanomyrma_simillima,40.4,48.6,Formiciinae,,Titanomyrma
437,Trachymyrmex_primaevus,13.82,20.44,Myrmicinae,Attini,Trachymyrmex
438,Usomyrma_mirabilis,33.9,38.,Dolichoderinae,Leptomyrmecini,Usomyrma
439,Yantaromyrmex_geinitzi,33.9,38.,Dolichoderinae,,Yantaromyrmex
440,Yantaromyrmex_mayrianum,33.9,38.,Dolichoderinae,,Yantaromyrmex
441,Ypresiomyrma_bartletti,47.8,56.,Myrmeciinae,,Ypresiomyrma
442,Ypresiomyrma_orbiculata,47.8,56.,Myrmeciinae,,Ypresiomyrma
443,Ypresiomyrma_orientalis,33.9,38.,Myrmeciinae,,Ypresiomyrma
444,Ypresiomyrma_rebekkae,47.8,56.,Myrmeciinae,,Ypresiomyrma
445,Zhangidris_atopogaster,15.97,20.44,Myrmicinae,,Zhangidris
446,Zigrasimecia_ferox,93.5,99.6,Sphecomyrminae,Zigrasimeciini,Zigrasimecia
447,Zigrasimecia_tonsora,93.5,99.6,Sphecomyrminae,Zigrasimeciini,Zigrasimecia
